{"stats":{"minecraft:crafted":{"minecraft:acacia_planks":24,"minecraft:crafting_table":1,"minecraft:stick":8,"minecraft:wooden_pickaxe":1,"minecraft:wooden_axe":1},"minecraft:used":{"minecraft:wooden_axe":6,"minecraft:crafting_table":1},"minecraft:custom":{"minecraft:time_since_rest":6227,"minecraft:crouch_one_cm":828,"minecraft:sprint_one_cm":4345,"minecraft:play_time":6227,"minecraft:damage_taken":20,"minecraft:walk_one_cm":8033,"minecraft:sneak_time":649,"minecraft:mob_kills":4,"minecraft:jump":182,"minecraft:damage_dealt":400,"minecraft:leave_game":1,"minecraft:time_since_death":6227,"minecraft:total_world_time":7556,"minecraft:fall_one_cm":2343,"minecraft:interact_with_crafting_table":1,"minecraft:fly_one_cm":11979},"minecraft:killed":{"minecraft:cow":4},"minecraft:picked_up":{"minecraft:crafting_table":1,"minecraft:leather":3,"minecraft:acacia_log":6,"minecraft:beef":8,"minecraft:acacia_sapling":1},"minecraft:mined":{"minecraft:acacia_log":6,"minecraft:crafting_table":1}},"DataVersion":3955}