{"stats":{"minecraft:mined":{"minecraft:birch_leaves":1,"minecraft:oak_leaves":5,"minecraft:sand":1},"minecraft:picked_up":{"minecraft:sand":1},"minecraft:used":{"minecraft:sand":1},"minecraft:custom":{"minecraft:jump":124,"minecraft:time_since_rest":186,"minecraft:deaths":1,"minecraft:crouch_one_cm":64,"minecraft:leave_game":2,"minecraft:play_time":3066,"minecraft:sprint_one_cm":16357,"minecraft:damage_taken":230,"minecraft:time_since_death":153,"minecraft:walk_one_cm":6636,"minecraft:sneak_time":55,"minecraft:total_world_time":3066,"minecraft:fall_one_cm":7473,"minecraft:fly_one_cm":26150}},"DataVersion":3955}