{"stats":{"minecraft:crafted":{"minecraft:crafting_table":1,"minecraft:stick":8,"minecraft:wooden_axe":1,"minecraft:wooden_pickaxe":1,"minecraft:stone_pickaxe":1,"minecraft:acacia_planks":24,"minecraft:torch":8,"minecraft:bread":12,"minecraft:wheat":36},"minecraft:used":{"minecraft:wooden_axe":26,"minecraft:bread":4,"minecraft:stone_pickaxe":19,"minecraft:wooden_pickaxe":59,"minecraft:torch":2,"minecraft:cobblestone":3,"minecraft:crafting_table":3,"minecraft:acacia_sapling":1},"minecraft:custom":{"minecraft:time_since_rest":2826,"minecraft:sprint_one_cm":23502,"minecraft:damage_taken":145,"minecraft:walk_one_cm":21265,"minecraft:mob_kills":9,"minecraft:damage_dealt":1060,"minecraft:talked_to_villager":1,"minecraft:swim_one_cm":13639,"minecraft:interact_with_crafting_table":5,"minecraft:fly_one_cm":50656,"minecraft:crouch_one_cm":9339,"minecraft:play_time":18807,"minecraft:sneak_time":3383,"minecraft:walk_under_water_one_cm":2577,"minecraft:jump":356,"minecraft:leave_game":2,"minecraft:time_since_death":18807,"minecraft:walk_on_water_one_cm":2394,"minecraft:sleep_in_bed":2,"minecraft:total_world_time":20136,"minecraft:fall_one_cm":7601},"minecraft:broken":{"minecraft:wooden_pickaxe":1},"minecraft:killed":{"minecraft:salmon":5,"minecraft:cow":4},"minecraft:picked_up":{"minecraft:crafting_table":3,"minecraft:raw_iron":7,"minecraft:salmon":5,"minecraft:leather":3,"minecraft:torch":2,"minecraft:acacia_log":6,"minecraft:blast_furnace":1,"minecraft:hay_block":4,"minecraft:beef":8,"minecraft:acacia_sapling":1,"minecraft:coal":10,"minecraft:cobblestone":60},"minecraft:mined":{"minecraft:hay_block":4,"minecraft:iron_ore":7,"minecraft:crafting_table":3,"minecraft:torch":1,"minecraft:blast_furnace":1,"minecraft:acacia_log":6,"minecraft:coal_ore":10,"minecraft:tall_grass":1,"minecraft:stone":60,"minecraft:wall_torch":1}},"DataVersion":3955}