{"stats":{"minecraft:crafted":{"minecraft:crafting_table":1,"minecraft:stick":8,"minecraft:wooden_pickaxe":1,"minecraft:stone_pickaxe":1,"minecraft:furnace":2,"minecraft:acacia_planks":12,"minecraft:stone_hoe":1,"minecraft:stone_axe":1,"minecraft:bread":64,"minecraft:wheat":207},"minecraft:used":{"minecraft:bread":4,"minecraft:stone_pickaxe":27,"minecraft:wooden_pickaxe":3,"minecraft:stone_hoe":22,"minecraft:stone_axe":9,"minecraft:dirt":6,"minecraft:crafting_table":4},"minecraft:custom":{"minecraft:time_since_rest":1511,"minecraft:sprint_one_cm":13549,"minecraft:damage_taken":475,"minecraft:walk_one_cm":17037,"minecraft:mob_kills":1,"minecraft:drop":1,"minecraft:damage_dealt":482,"minecraft:swim_one_cm":14223,"minecraft:interact_with_crafting_table":7,"minecraft:fly_one_cm":59582,"minecraft:crouch_one_cm":285,"minecraft:play_time":10263,"minecraft:deaths":1,"minecraft:sneak_time":257,"minecraft:walk_under_water_one_cm":773,"minecraft:jump":92,"minecraft:time_since_death":1441,"minecraft:walk_on_water_one_cm":1583,"minecraft:sleep_in_bed":1,"minecraft:total_world_time":10263,"minecraft:fall_one_cm":2807},"minecraft:dropped":{"minecraft:wooden_pickaxe":1},"minecraft:killed_by":{"minecraft:skeleton":1},"minecraft:killed":{"minecraft:skeleton":1},"minecraft:picked_up":{"minecraft:crafting_table":5,"minecraft:wheat":15,"minecraft:wooden_pickaxe":1,"minecraft:acacia_log":3,"minecraft:dirt":6,"minecraft:arrow":1,"minecraft:bone":1,"minecraft:acacia_planks":1,"minecraft:stone_axe":1,"minecraft:hay_block":23,"minecraft:bread":60,"minecraft:stone_hoe":1,"minecraft:cobblestone":36,"minecraft:furnace":2},"minecraft:mined":{"minecraft:hay_block":23,"minecraft:crafting_table":4,"minecraft:short_grass":2,"minecraft:acacia_log":3,"minecraft:grass_block":2,"minecraft:dirt":4,"minecraft:stone":30}},"DataVersion":3955}